{
  "feature_cols": [
    "MaxAirPressure",
    "MinAirPressure",
    "AvgAirPressure8Time",
    "MaxTemp",
    "MinTemp",
    "AvgTemp",
    "Evaporation",
    "MaxHumidity",
    "MinHumidity",
    "AvgHumidity"
  ],
  "time_step": 7,
  "shift": 1,
  "x_min": [
    1002.6799926757812,
    997.6599731445312,
    999.8099975585938,
    21.899999618530273,
    8.399999618530273,
    17.15999984741211,
    0.44999998807907104,
    59.0,
    18.0,
    44.130001068115234
  ],
  "x_max": [
    1025.1700439453125,
    1021.9600219726562,
    1023.6500244140625,
    41.20000076293945,
    31.100000381469727,
    36.29999923706055,
    12.699999809265137,
    99.0,
    96.0,
    96.62999725341797
  ],
  "target": "Rainfall"
}